RIL_1,0,b,1008563,
RIL_2,0,a,1008563,
RIL_3,0,a,1008563,
RIL_4,0,a,1008563,
RIL_5,0,b,1008563,
RIL_6,0,a,1008563,
RIL_7,0,b,1008563,
RIL_10,0,h,1008563,
RIL_11,0,a,1008563,
RIL_12,0,a,1008563,
RIL_13,0,b,1008563,
RIL_14,0,a,1008563,
RIL_16,0,b,1008563,
RIL_18,0,a,1008563,
RIL_19,0,a,1008563,
RIL_20,0,b,1008563,
RIL_21,0,a,1008563,
RIL_22,0,a,1008563,
RIL_23,0,b,676470,a,1008563,
RIL_24,0,a,1008563,
RIL_25,0,a,1008563,
RIL_26,0,b,1008563,
RIL_27,0,b,316342,a,1008563,
RIL_28,0,b,1008563,
RIL_30,0,b,1008563,
RIL_31,0,a,1008563,
RIL_32,0,a,1008563,
RIL_33,0,b,356166,a,1008563,
RIL_34,0,b,1008563,
RIL_35,0,b,1008563,
RIL_37,0,a,1008563,
RIL_38,0,b,1008563,
RIL_39,0,a,1008563,
RIL_40,0,b,1008563,
RIL_41,0,b,1008563,
RIL_43,0,a,1008563,
RIL_45,0,a,1008563,
RIL_46,0,h,1008563,
RIL_47,0,b,1008563,
RIL_48,0,a,1008563,
RIL_49,0,b,1008563,
RIL_50,0,b,1008563,
